DateTime,Entries,UniqueIPs
1502482580,140,140
1502484982,139,139
1502488133,138,138
1502496274,137,137
1502500115,136,136
1502506594,134,134
1502511846,133,133
1502520740,102,102
1502522923,103,103
1502523611,102,102
1502524370,146,146
1502525068,149,149
1502525783,250,250
1502526499,265,265
1502527226,440,440
1502527939,518,518
1502528676,549,549
1502529372,582,582
1502530098,651,651
1502530811,690,690
1502531562,734,734
1502532270,782,782
1502532972,837,837
1502533965,916,916
1502534933,1010,1010
1502535891,1056,1056
1502536569,1094,1094
1502537319,1138,1138
1502538028,1178,1178
1502539002,1232,1232
1502539960,1269,1269
1502540751,1286,1286
1502541641,1328,1328
1502542360,1406,1406
1502543082,1435,1435
1502543782,1478,1478
1502544502,1520,1520
1502545224,1567,1567
1502546204,1583,1583
1502547167,1592,1592
1502548121,1602,1602
1502548830,1640,1640
1502549555,1647,1647
1502550270,1631,1631
1502550978,1612,1612
1502551704,1603,1603
1502552427,1600,1600
1502553398,1597,1597
1502554089,1590,1590
1502554853,1588,1588
1502555535,1585,1585
1502556262,1580,1580
1502556981,1572,1572
1502557723,1565,1565
1502558433,1561,1561
1502559155,1557,1557
1502559850,1549,1549
1502560596,1547,1547
1502561667,1543,1543
1502562512,1537,1537
1502563227,1536,1536
1502563941,1533,1533
1502564577,1531,1531
1502565412,1525,1525
1502566364,1514,1514
1502567055,1512,1512
1502567792,1509,1509
1502568766,1503,1503
1502569451,1495,1495
1502570184,1491,1491
1502571166,1486,1486
1502572121,1482,1482
1502573086,1475,1475
1502574042,1471,1471
1502575000,121,121
1502578364,120,120
1502581242,119,119
1502584120,118,118
1502586067,117,117
1502587456,116,116
1502588183,114,114
1502588935,113,113
1502594437,111,111
1502595859,110,110
1502627769,109,109
1502640763,108,108
1502647496,107,107
1502654920,106,106
1502663327,105,105
1502666432,104,104
1502670748,103,103
1502683484,102,102
1502709169,101,101
1502710598,100,100
1502726890,99,99
1502729784,98,98
1502757151,97,97
1502786224,96,96
1502789553,95,95
1502798931,94,94
1502805129,93,93
1502819806,92,92
1502823383,91,91
1502824365,90,90
1502842814,89,89
1502850767,88,88
1502851446,87,87
1502893229,86,86
1502933313,85,85
1502942452,152,152
1502943891,151,151
1502946978,150,150
1502962129,149,149
1502964128,148,148
1502965967,147,147
1502977727,148,148
1502983710,147,147
1502984667,151,151
1502987566,150,150
1502988516,148,148
1502990684,148,148
1502991387,149,149
1502993074,108,108
1502999066,111,111
1503004845,104,104
1503007288,105,105
1503011071,107,107
1503014185,110,110
1503014935,109,109
1503019729,110,110
1503020417,112,112
1503033384,113,113
1503041798,114,114
1503042765,116,116
1503043728,117,117
1503044682,121,121
1503045643,120,120
1503048245,119,119
1503048999,120,120
1503052590,127,127
1503054971,126,126
1503057161,124,124
1503059103,123,123
1503065311,124,124
1503066765,124,124
1503068496,141,141
1503069163,142,142
1503069853,145,145
1503070583,143,143
1503071575,173,173
1503072528,296,296
1503073478,303,303
1503074442,314,314
1503075408,590,590
1503076614,759,759
1503078252,842,842
1503079005,842,842
1503079816,835,835
1503080683,842,842
1503081646,864,864
1503082343,913,913
1503083081,944,944
1503083770,995,995
1503084510,996,996
1503085491,1016,1016
1503086171,1055,1055
1503086910,1107,1107
1503087615,1106,1106
1503088351,1118,1118
1503089333,1179,1179
1503090282,1235,1235
1503091256,1254,1254
1503091935,1283,1283
1503092663,1307,1307
1503093681,1319,1319
1503094330,1335,1335
1503095026,1333,1333
1503095785,1327,1327
1503096523,155,155
1503098650,154,154
1503099407,153,153
1503100361,152,152
1503102279,150,150
1503103247,146,146
1503104682,145,145
1503105370,144,144
1503108533,143,143
1503112833,146,146
1503113531,146,146
1503114280,145,145
1503117645,146,146
1503118605,148,148
1503119571,148,148
1503120525,148,148
1503121945,150,150
1503123416,163,163
1503125048,164,164
1503125790,164,164
1503126488,166,166
1503127251,185,185
1503129168,186,186
1503130116,166,166
1503130830,167,167
1503133382,168,168
1503135195,168,168
1503135851,171,171
1503136582,183,183
1503137287,182,182
1503138053,179,179
1503143049,179,179
1503143786,178,178
1503144777,180,180
1503148089,181,181
1503151732,182,182
1503152685,182,182
1503153387,182,182
1503156246,181,181
1503158497,183,183
1503160140,182,182
1503160817,183,183
1503161561,184,184
1503163485,186,186
1503165873,164,164
1503168751,163,163
1503170675,165,165
1503171372,164,164
1503173075,165,165
1503174045,164,164
1503175003,167,167
1503175706,168,168
1503176533,167,167
1503179300,168,168
1503180090,169,169
1503183714,170,170
1503185063,170,170
1503185786,172,172
1503187968,171,171
1503189369,172,172
1503190108,173,173
1503191563,172,172
1503192253,173,173
1503195149,172,172
1503195866,173,173
1503196854,175,175
1503198973,177,177
1503199706,180,180
1503203304,179,179
1503207855,180,180
1503208584,182,182
1503209304,181,181
1503210989,181,181
1503213145,183,183
1503214126,186,186
1503214812,185,185
1503217255,189,189
1503219383,188,188
1503223960,187,187
1503224926,188,188
1503225870,195,195
1503227324,198,198
1503228269,197,197
1503228984,197,197
1503229725,196,196
1503231852,197,197
1503235476,198,198
1503239305,200,200
1503240762,201,201
1503243849,168,168
1503246060,167,167
1503248168,168,168
1503249619,167,167
1503250341,169,169
1503251804,169,169
1503252874,170,170
1503258023,172,172
1503258729,172,172
1503259477,171,171
1503261134,173,173
1503262586,174,174
1503265704,174,174
1503267167,173,173
1503269090,174,174
1503271957,174,174
1503274853,174,174
1503276968,175,175
1503277711,178,178
1503279888,177,177
1503282767,176,176
1503283450,175,175
1503284200,177,177
1503284904,176,176
1503287567,179,179
1503291145,180,180
1503292586,181,181
1503294011,181,181
1503294763,181,181
1503295707,229,229
1503296430,231,231
1503297159,229,229
1503298132,232,232
1503299081,231,231
1503299788,275,275
1503300514,319,319
1503301468,435,435
1503302181,529,529
1503302933,639,639
1503303891,639,639
1503304846,710,710
1503305810,769,769
1503306763,766,766
1503307447,762,762
1503308195,824,824
1503308909,829,829
1503309717,901,901
1503310609,914,914
1503311575,954,954
1503312248,955,955
1503312979,954,954
1503313688,952,952
1503314468,950,950
1503315157,949,949
1503315859,948,948
1503316569,945,945
1503317295,941,941
1503318049,197,197
1503318744,197,197
1503320908,196,196
1503321627,198,198
1503322332,197,197
1503323077,196,196
1503325210,198,198
1503325950,197,197
1503329527,201,201
1503330258,200,200
1503334593,201,201
1503337244,205,205
1503337924,205,205
1503338658,205,205
1503341315,205,205
1503342006,205,205
1503342749,205,205
1503344188,206,206
1503349466,204,204
1503350418,205,205
1503354009,205,205
1503354747,204,204
1503357865,205,205
1503358571,205,205
1503359293,206,206
1503360027,205,205
1503360745,204,204
1503363155,205,205
1503365310,206,206
1503366013,206,206
1503366726,206,206
1503367458,209,209
1503368171,208,208
1503370346,207,207
1503371055,207,207
1503374891,207,207
1503376344,208,208
1503377765,207,207
1503379230,208,208
1503379948,210,210
1503382809,209,209
1503384988,209,209
1503385701,210,210
1503387131,209,209
1503388836,210,210
1503391447,211,211
1503394590,212,212
1503395310,213,213
1503396024,214,214
1503399617,215,215
1503401047,216,216
1503405154,215,215
1503405847,216,216
1503406570,216,216
1503407573,216,216
1503409939,216,216
1503410661,218,218
1503413056,219,219
1503414770,220,220
1503417160,221,221
1503417855,222,222
1503419292,223,223
1503422893,223,223
1503423639,223,223
1503424348,226,226
1503426016,197,197
1503429610,196,196
1503431052,195,195
1503431771,196,196
1503432487,197,197
1503436812,200,200
1503439700,201,201
1503440659,200,200
1503441630,202,202
1503442331,201,201
1503443788,202,202
1503445944,203,203
1503446659,204,204
1503449543,205,205
1503453856,205,205
1503454590,207,207
1503457988,206,206
1503458913,205,205
1503461310,207,207
1503472813,210,210
1503479301,211,211
1503480013,212,212
1503480731,213,213
1503481451,212,212
1503482165,214,214
1503486498,216,216
1503487475,215,215
1503489140,215,215
1503491546,215,215
1503492269,195,195
1503492965,196,196
1503496845,196,196
1503497545,197,197
1503498268,198,198
1503503765,199,199
1503505215,202,202
1503506918,197,197
1503507869,198,198
1503508843,199,199
1503509527,200,200
1503510983,199,199
1503511844,200,200
1503514806,201,201
1503515544,204,204
1503518464,205,205
1503521309,205,205
1503522263,206,206
1503529245,206,206
1503530669,205,205
1503532110,207,207
1503538351,207,207
1503541236,209,209
1503542655,212,212
1503544812,211,211
1503546972,321,321
1503547952,358,358
1503548895,386,386
1503549605,416,416
1503550345,431,431
1503551057,428,428
1503551771,366,366
1503552757,507,507
1503553446,546,546
1503554168,561,561
1503554886,558,558
1503556343,557,557
1503558510,556,556
1503559215,555,555
1503559931,552,552
1503560648,544,544
1503561384,543,543
1503562103,536,536
1503562814,532,532
1503563546,526,526
1503564975,523,523
1503565684,520,520
1503566443,516,516
1503567146,515,515
1503568566,514,514
1503570030,508,508
1503570765,507,507
1503571449,505,505
1503572195,503,503
1503573157,502,502
1503573855,501,501
1503575290,499,499
1503576050,498,498
1503576747,497,497
1503577452,496,496
1503578199,495,495
1503578907,495,495
1503579607,498,498
1503581049,499,499
1503581790,498,498
1503583454,498,498
1503584189,499,499
1503584901,504,504
1503585613,505,505
1503586324,504,504
1503588498,452,452
1503589207,573,573
1503589949,612,612
1503590900,655,655
1503591613,691,691
1503592382,690,690
1503593326,687,687
1503594304,685,685
1503595240,650,650
1503595944,649,649
1503596667,648,648
1503597364,646,646
